step	f1
0	0.0
1	0.4821778655685439
2	0.2546309328821381
3	0.40929656276271276
4	2.4013034896349312
5	1.7776326721080542
6	1.9829309713999588
7	5.532352318105861
8	0.14939705511776236
9	4.142851276227455
10	9.838509782435441
11	7.353712656188155
12	8.970178113791157
13	7.402492308484895
14	13.237695638322485
15	5.690600874187346
16	9.936333027806935
17	5.77868530049194
18	5.494813014368333
19	15.129165358810125
