step	f1
0	0.0
1	0.37581782918778817
2	1.2099752818636709
3	2.163502002541359
4	3.777874529866723
5	2.2380767997613167
6	4.741700118362241
7	5.4571762577470135
8	6.843682374387107
9	8.524715277172097
10	0.11804404509162647
11	2.451152627449981
12	1.2067891672752018
13	8.144785061974003
14	8.442314160520016
15	10.577267768656387
16	4.879053499973692
17	8.027243303599482
18	6.931350414575965
19	0.41050939098153216
