{
    "mae": 11.010348596804672,
    "segment_A": {
        "f1": 15.129165358810125
    },
    "step": 19
}
