{
    "mae": 6.458843393755374,
    "segment_A": {
        "f1": 0.41050939098153216
    },
    "step": 19
}
