step	mae
0	0.0
1	0.6372891245206488
2	0.7518332937933863
3	1.323074663172183
4	1.2651566844285425
5	4.585227455330123
6	3.098824022738664
7	6.480821612483773
8	5.420224240085967
9	2.6448578572598866
10	2.779801997810009
11	9.625263704482878
12	9.820156364627731
13	9.412822300997172
14	7.014794511068356
15	12.235147302755472
16	2.946125918063366
17	13.333969406781849
18	4.070017173102049
19	11.010348596804672
