step	mae
0	0.0
1	0.9692866887950878
2	0.22888334717558045
3	0.8552518078681942
4	2.925087044779925
5	3.527721693158228
6	4.376283620556736
7	1.1539508250738293
8	7.289360379311259
9	6.175495399248346
10	2.9525046993999595
11	5.325279413066109
12	7.506202112955352
13	10.316698077491589
14	10.770046934066851
15	1.5838476971970143
16	10.61573480248602
17	2.266064944302859
18	4.609333545443967
19	6.458843393755374
